Number,Angle,Encoding_expression
475,Left,Angry
3943,Half Left,Surprised
4216,Left,Surprised
4101,Left,Happy
3277,Half Left,Afraid
4556,Right,Disgusted
1702,Half Left,Afraid
845,Left,Happy
920,Left,Neutral
3269,Straight,Happy
1905,Left,Angry
3402,Half Left,Sad
2271,Half Left,Sad
1375,Half Left,Neutral
4231,Left,Disgusted
2859,Right,Sad
4456,Straight,Disgusted
4368,Half Right,Sad
4092,Right,Angry
1326,Half Right,Angry
645,Straight,Neutral
3773,Half Left,Afraid
2450,Half Left,Surprised
3602,Half Left,Afraid
3454,Straight,Neutral
4529,Half Right,Happy
371,Right,Sad
2980,Half Left,Angry
2566,Half Right,Angry
1204,Straight,Neutral
3645,Left,Afraid
965,Left,Surprised
2771,Left,Angry
3507,Half Left,Disgusted
1367,Straight,Disgusted
1815,Left,Happy
1026,Right,Neutral
1267,Half Right,Happy
320,Straight,Angry
3742,Right,Angry
2625,Half Left,Surprised
1401,Half Right,Disgusted
3154,Straight,Angry
1203,Half Right,Sad
2010,Left,Angry
4431,Straight,Neutral
3882,Right,Angry
480,Left,Surprised
2817,Half Right,Happy
3158,Half Right,Disgusted
1781,Left,Happy
2685,Half Right,Neutral
4108,Half Left,Neutral
2708,Half Left,Disgusted
399,Straight,Happy
2227,Half Left,Happy
1278,Straight,Sad
3174,Straight,Afraid
1041,Right,Afraid
3940,Straight,Sad
2910,Half Left,Angry
300,Half Right,Neutral
2127,Right,Neutral
3850,Straight,Angry
58,Straight,Neutral
593,Half Right,Afraid
4389,Left,Happy
448,Half Right,Surprised
4195,Half Right,Angry
1211,Right,Surprised
2672,Straight,Neutral
523,Half Right,Afraid
1379,Right,Sad
2254,Left,Disgusted
1166,Right,Neutral
3097,Half Left,Neutral
1709,Right,Disgusted
2258,Straight,Disgusted
948,Half Right,Disgusted
3494,Straight,Surprised
3208,Half Right,Sad
966,Right,Surprised
3165,Left,Neutral
4754,Half Left,Afraid
3505,Left,Disgusted
2709,Half Right,Disgusted
1442,Straight,Happy
3458,Half Right,Afraid
2607,Straight,Disgusted
2035,Right,Surprised
4329,Half Left,Neutral
3029,Half Left,Sad
3334,Straight,Disgusted
1658,Half Right,Sad
4496,Left,Neutral
781,Right,Neutral
784,Straight,Neutral
3433,Half Right,Angry
3108,Half Right,Surprised
4100,Straight,Disgusted
1732,Straight,Surprised
4343,Right,Disgusted
1151,Right,Angry
2664,Right,Neutral
1512,Straight,Happy
4781,Straight,Sad
3961,Left,Happy
4266,Left,Happy
2862,Straight,Neutral
2479,Right,Sad
2441,Half Right,Neutral
3380,Left,Sad
330,Straight,Happy
4243,Half Left,Neutral
423,Half Right,Sad
4137,Half Left,Happy
2438,Left,Afraid
4595,Left,Happy
3319,Straight,Surprised
1531,Half Right,Afraid
706,Right,Happy
967,Half Left,Surprised
576,Right,Neutral
2166,Right,Sad
228,Straight,Happy
389,Straight,Angry
1519,Right,Sad
1670,Left,Neutral
329,Half Right,Happy
4218,Half Left,Surprised
11,Right,Happy
3519,Straight,Neutral
1376,Half Right,Neutral
4472,Left,Surprised
3385,Left,Surprised
992,Half Left,Neutral
4312,Straight,Afraid
3153,Half Right,Angry
37,Half Right,Afraid
4176,Straight,Afraid
3338,Half Right,Happy
2880,Half Left,Disgusted
4569,Straight,Afraid
205,Right,Surprised
3513,Half Right,Happy
2175,Left,Afraid
1028,Half Right,Neutral
1618,Right,Neutral
1327,Straight,Angry
1060,Left,Neutral
844,Straight,Afraid
166,Half Left,Sad
1403,Left,Happy
4027,Right,Disgusted
3240,Left,Sad
3649,Left,Happy
1293,Straight,Angry
955,Left,Neutral
1902,Half Left,Afraid
3147,Half Left,Afraid
3297,Half Left,Disgusted
4445,Half Right,Afraid
3283,Half Right,Surprised
1683,Half Right,Happy
2626,Half Right,Surprised
1981,Right,Disgusted
1858,Half Right,Neutral
4476,Straight,Surprised
1923,Half Right,Sad
946,Right,Disgusted
3925,Straight,Disgusted
1504,Right,Disgusted
1624,Half Right,Neutral
2448,Left,Happy
944,Straight,Angry
3285,Left,Afraid
1700,Left,Surprised
1808,Half Right,Angry
2530,Half Left,Angry
3533,Half Right,Afraid
3867,Right,Sad
1094,Straight,Happy
4215,Straight,Sad
155,Right,Happy
3784,Half Right,Disgusted
1769,Half Left,Afraid
758,Half Right,Surprised
241,Half Left,Surprised
1984,Straight,Disgusted
4336,Straight,Afraid
452,Half Left,Neutral
810,Left,Happy
456,Right,Angry
1420,Half Left,Surprised
4160,Half Right,Angry
3243,Half Right,Sad
4587,Half Left,Angry
2005,Left,Afraid
2615,Half Left,Sad
703,Half Right,Disgusted
351,Left,Neutral
1846,Right,Disgusted
4550,Left,Angry
2033,Straight,Afraid
183,Straight,Neutral
3839,Half Right,Surprised
343,Half Left,Surprised
2932,Straight,Sad
361,Left,Disgusted
1995,Left,Sad
4459,Half Left,Happy
585,Left,Surprised
1756,Half Right,Afraid
1394,Right,Angry
3211,Right,Surprised
2652,Straight,Neutral
613,Left,Sad
3042,Half Left,Angry
376,Right,Happy
132,Half Right,Sad
2046,Half Left,Angry
1598,Left,Afraid
3932,Right,Neutral
2903,Left,Afraid
2801,Half Left,Afraid
266,Half Right,Neutral
2644,Right,Happy
3268,Half Right,Happy
1706,Half Left,Angry
2891,Half Right,Neutral
4043,Half Left,Disgusted
1805,Left,Angry
365,Straight,Happy
720,Left,Afraid
960,Left,Sad
71,Half Left,Angry
1488,Left,Surprised
2571,Half Right,Disgusted
2136,Left,Surprised
4788,Right,Afraid
395,Left,Happy
607,Straight,Happy
1633,Half Right,Afraid
3110,Left,Afraid
1890,Half Left,Neutral
567,Half Left,Disgusted
249,Left,Angry
3233,Half Right,Happy
4645,Half Left,Afraid
4799,Half Left,Sad
4124,Half Right,Afraid
2528,Left,Angry
4759,Half Left,Angry
779,Straight,Happy
1886,Half Right,Happy
200,Right,Angry
3220,Left,Angry
2431,Half Right,Disgusted
942,Half Left,Angry
150,Right,Disgusted
1422,Straight,Surprised
1828,Half Right,Sad
4380,Right,Angry
3464,Straight,Afraid
4150,Half Left,Surprised
3610,Left,Disgusted
4805,Half Right,Happy
1804,Straight,Surprised
3824,Half Right,Happy
4288,Half Left,Disgusted
3026,Straight,Happy
2756,Left,Neutral
4657,Straight,Angry
598,Straight,Angry
4753,Right,Sad
4285,Left,Angry
3643,Half Right,Angry
1018,Half Right,Sad
3191,Right,Disgusted
610,Half Left,Neutral
1207,Half Left,Afraid
118,Straight,Disgusted
3381,Right,Sad
3213,Half Right,Surprised
288,Right,Disgusted
3131,Right,Neutral
3970,Straight,Neutral
994,Straight,Neutral
2185,Left,Disgusted
3472,Half Left,Disgusted
1767,Left,Afraid
461,Right,Sad
3816,Left,Sad
520,Left,Afraid
2492,Straight,Disgusted
589,Straight,Surprised
1668,Half Right,Afraid
1297,Half Right,Disgusted
3500,Left,Angry
340,Straight,Sad
1260,Left,Disgusted
1979,Straight,Angry
1392,Straight,Afraid
2611,Half Right,Happy
511,Right,Sad
3893,Half Left,Happy
3272,Half Left,Neutral
3198,Half Right,Happy
3081,Right,Angry
3396,Right,Happy
405,Left,Sad
4263,Half Left,Disgusted
501,Right,Happy
1440,Half Left,Happy
4011,Left,Neutral
971,Right,Afraid
1824,Straight,Neutral
1279,Left,Surprised
1654,Straight,Neutral
4210,Half Right,Sad
2377,Straight,Sad
1009,Straight,Afraid
3636,Right,Sad
4785,Half Right,Surprised
1921,Right,Neutral
4035,Straight,Happy
4748,Right,Surprised
3025,Half Right,Happy
2769,Half Right,Afraid
103,Straight,Surprised
4270,Straight,Happy
2645,Half Left,Happy
515,Left,Surprised
1409,Right,Neutral
202,Half Right,Sad
3511,Right,Disgusted
1377,Straight,Neutral
3442,Half Left,Angry
4772,Left,Neutral
4256,Right,Afraid
4487,Right,Disgusted
2957,Straight,Happy
4794,Half Left,Neutral
2423,Left,Angry
3962,Right,Happy
1112,Half Left,Sad
3864,Half Right,Neutral
89,Left,Neutral
3605,Left,Angry
1290,Right,Disgusted
4424,Half Left,Happy
291,Straight,Disgusted
4573,Half Right,Sad
453,Half Right,Afraid
4455,Half Right,Disgusted
2869,Right,Afraid
242,Half Right,Surprised
264,Right,Sad
1860,Right,Sad
367,Right,Neutral
243,Straight,Surprised
4687,Straight,Afraid
336,Left,Sad
1156,Right,Disgusted
3086,Right,Sad
1917,Half Left,Happy
1077,Half Left,Afraid
2345,Right,Neutral
4528,Half Left,Happy
3136,Right,Sad
4402,Half Right,Sad
959,Straight,Neutral
1188,Half Right,Angry
1000,Left,Surprised
4033,Half Left,Happy
2930,Half Left,Sad
3653,Left,Neutral
3713,Right,Disgusted
4399,Left,Sad
2111,Left,Sad
4612,Half Right,Surprised
4527,Right,Sad
362,Right,Happy
3892,Right,Happy
3903,Half Left,Sad
1839,Straight,Afraid
4533,Half Left,Neutral
3905,Straight,Sad
1194,Straight,Disgusted
1247,Half Left,Afraid
338,Half Left,Sad
1495,Half Left,Afraid
551,Right,Surprised
1196,Right,Happy
850,Left,Neutral
1942,Half Left,Angry
2892,Straight,Neutral
1257,Half Left,Angry
2385,Half Left,Sad
3376,Right,Neutral
619,Half Left,Surprised
868,Half Right,Afraid
1641,Right,Disgusted
4398,Straight,Neutral
1790,Straight,Neutral
505,Left,Neutral
778,Half Right,Happy
3527,Half Left,Surprised
173,Straight,Surprised
1381,Half Right,Sad
1413,Left,Neutral
2422,Straight,Afraid
1305,Right,Sad
4815,Half Right,Neutral
171,Half Left,Afraid
2059,Right,Afraid
3729,Half Left,Sad
1307,Half Right,Neutral
265,Half Left,Sad
950,Left,Happy
1004,Straight,Surprised
1117,Half Left,Angry
4439,Half Left,Surprised
2123,Half Left,Happy
562,Half Left,Angry
1230,Left,Happy
3751,Left,Surprised
287,Left,Disgusted
2630,Half Left,Afraid
951,Right,Happy
1337,Straight,Happy
1399,Right,Disgusted
1907,Half Left,Angry
2763,Half Left,Surprised
742,Half Left,Happy
3642,Half Left,Afraid
2592,Straight,Surprised
2537,Straight,Disgusted
592,Half Left,Afraid
2668,Left,Angry
41,Half Left,Angry
3694,Half Left,Neutral
1793,Half Left,Sad
1541,Half Right,Disgusted
889,Straight,Neutral
2843,Straight,Afraid
3983,Half Left,Afraid
4489,Half Right,Disgusted
4725,Half Left,Angry
321,Left,Disgusted
2646,Half Right,Happy
3162,Half Left,Happy
647,Right,Sad
3479,Straight,Happy
1742,Straight,Neutral
1904,Straight,Afraid
3012,Straight,Afraid
2390,Half Left,Sad
2100,Straight,Neutral
4063,Half Left,Disgusted
3265,Left,Happy
2084,Half Left,Disgusted
4736,Half Right,Happy
4711,Half Right,Sad
1945,Left,Angry
2976,Half Right,Afraid
724,Straight,Surprised
1620,Half Right,Neutral
2553,Left,Surprised
2838,Straight,Afraid
3537,Half Left,Angry
4127,Right,Disgusted
3121,Right,Disgusted
1193,Half Right,Disgusted
4474,Half Left,Afraid
2198,Half Right,Neutral
3238,Half Right,Neutral
2656,Half Right,Neutral
3560,Left,Angry
3358,Half Right,Afraid
1163,Half Right,Happy
1643,Half Right,Disgusted
4490,Straight,Disgusted
2559,Right,Sad
3831,Left,Sad
1880,Half Left,Disgusted
4157,Left,Happy
34,Left,Neutral
1228,Half Right,Afraid
2603,Left,Happy
4237,Right,Disgusted
3200,Left,Neutral
4420,Half Left,Disgusted
4342,Left,Afraid
39,Left,Angry
4353,Right,Disgusted
878,Half Right,Disgusted
1239,Straight,Afraid
2022,Half Left,Happy
3637,Half Left,Afraid
197,Half Right,Neutral
2173,Half Right,Surprised
4134,Straight,Disgusted
4567,Half Left,Neutral
1724,Right,Surprised
4816,Straight,Afraid
2579,Right,Neutral
4466,Straight,Angry
2463,Left,Sad
2299,Left,Neutral
1236,Right,Neutral
2828,Straight,Angry
2845,Right,Neutral
203,Straight,Neutral
2540,Half Left,Happy
1859,Left,Sad
864,Straight,Surprised
4175,Half Right,Sad
3225,Left,Disgusted
3688,Right,Neutral
1145,Left,Afraid
804,Straight,Angry
4282,Right,Afraid
136,Half Left,Happy
318,Half Left,Angry
3082,Half Left,Angry
3287,Half Left,Afraid
3346,Right,Sad
312,Left,Afraid
1959,Straight,Neutral
801,Right,Angry
958,Half Right,Neutral
1587,Straight,Neutral
3248,Half Right,Surprised
1868,Straight,Surprised
4126,Left,Angry
1903,Half Right,Disgusted
3099,Straight,Neutral
4428,Right,Happy
1776,Straight,Angry
896,Right,Surprised
2907,Straight,Afraid
2270,Right,Sad
4290,Straight,Disgusted
2724,Half Right,Sad
1396,Half Right,Angry
2036,Half Left,Surprised
4095,Straight,Angry
2169,Straight,Sad
4363,Half Right,Neutral
4593,Half Right,Disgusted
2933,Left,Afraid
1389,Right,Afraid
2819,Left,Neutral
1433,Left,Disgusted
2473,Left,Neutral
489,Straight,Afraid
38,Straight,Angry
3575,Left,Disgusted
4427,Left,Neutral
4153,Right,Surprised
4740,Half Right,Sad
1191,Right,Sad
309,Half Left,Afraid
826,Right,Surprised
224,Left,Happy
2050,Half Left,Disgusted
1609,Half Left,Disgusted
4728,Left,Disgusted
131,Half Left,Neutral
1960,Left,Sad
4615,Half Left,Afraid
1044,Straight,Afraid
3282,Half Left,Afraid
4396,Half Left,Neutral
4098,Half Left,Disgusted
385,Left,Disgusted
754,Straight,Sad
3627,Half Left,Sad
3704,Half Left,Afraid
2375,Half Left,Angry
4414,Left,Angry
2773,Half Left,Angry
750,Left,Sad
2840,Right,Neutral
650,Straight,Sad
2170,Left,Surprised
4630,Half Left,Happy
4102,Right,Sad
1021,Right,Disgusted
3360,Left,Angry
1414,Right,Afraid
2624,Right,Surprised
3909,Half Right,Surprised
2012,Half Left,Angry
4791,Straight,Neutral
4163,Right,Happy
4486,Left,Disgusted
985,Left,Happy
3535,Left,Angry
2328,Left,Disgusted
1726,Half Right,Sad
3763,Half Left,Sad
1148,Half Right,Afraid
4334,Half Left,Sad
4582,Half Left,Afraid
1141,Right,Afraid
2026,Right,Neutral
2197,Half Left,Sad
4020,Straight,Afraid
3451,Right,Disgusted
856,Right,Sad
3663,Left,Surprised
1371,Half Right,Happy
1120,Left,Disgusted
3443,Half Right,Happy
3947,Right,Afraid
1611,Straight,Disgusted
1951,Right,Happy
4008,Half Left,Sad
2863,Left,Surprised
3461,Right,Afraid
885,Left,Neutral
2570,Half Left,Disgusted
601,Half Left,Disgusted
550,Left,Surprised
2588,Left,Surprised
4086,Left,Afraid
3799,Half Right,Sad
4161,Straight,Angry
2722,Right,Sad
975,Left,Angry
4443,Right,Afraid
3251,Right,Afraid
2266,Half Left,Sad
3770,Straight,Surprised
3457,Half Left,Surprised
2873,Left,Angry
56,Half Left,Sad
2732,Right,Afraid
799,Straight,Afraid
3052,Half Left,Disgusted
1738,Left,Angry
4712,Straight,Sad
472,Half Left,Neutral
2414,Right,Afraid
1966,Right,Afraid
392,Half Left,Disgusted
360,Straight,Disgusted
3539,Straight,Angry
3778,Half Left,Angry
2307,Half Right,Sad
2878,Left,Angry
2921,Half Right,Happy
335,Straight,Sad
1516,Half Right,Neutral
3383,Half Right,Sad
1069,Straight,Sad
1697,Half Left,Surprised
4382,Half Right,Angry
297,Left,Sad
130,Right,Disgusted
4480,Half Right,Surprised
933,Half Right,Surprised
847,Half Left,Happy
1428,Left,Angry
3135,Left,Sad
1345,Half Left,Afraid
4005,Straight,Neutral
3979,Half Right,Surprised
3697,Left,Surprised
3503,Half Right,Angry
4281,Left,Disgusted
7,Half Left,Angry
506,Right,Neutral
4738,Left,Happy
4190,Half Right,Afraid
3901,Left,Afraid
1925,Left,Sad
2474,Right,Neutral
664,Half Right,Angry
1943,Half Right,Angry
3845,Straight,Afraid
3034,Half Left,Sad
2696,Left,Afraid
2404,Right,Neutral
4345,Half Right,Afraid
172,Half Right,Sad
2225,Left,Happy
1955,Left,Angry
375,Left,Surprised
52,Half Right,Happy
4375,Right,Afraid
2906,Half Right,Afraid
2276,Half Left,Surprised
1240,Left,Afraid
3438,Half Right,Disgusted
3923,Half Left,Disgusted
3281,Right,Surprised
899,Straight,Surprised
3830,Straight,Neutral
1088,Half Right,Disgusted
4240,Straight,Happy
2094,Half Right,Neutral
1479,Right,Neutral
3524,Straight,Sad
4056,Left,Angry
4770,Half Right,Happy
3460,Left,Afraid
969,Straight,Surprised
4644,Right,Surprised
4809,Half Left,Neutral
311,Straight,Surprised
2748,Half Left,Happy
3620,Left,Sad
1913,Half Right,Disgusted
61,Half Left,Sad
98,Straight,Afraid
244,Left,Happy
3152,Half Left,Angry
72,Half Right,Afraid
3785,Straight,Disgusted
2578,Left,Neutral
36,Half Left,Afraid
4352,Left,Surprised
653,Half Left,Afraid
4114,Half Right,Sad
3956,Left,Disgusted
2352,Half Right,Afraid
2122,Right,Happy
2069,Right,Surprised
3484,Straight,Neutral
2055,Half Left,Happy
4135,Left,Neutral
2558,Left,Surprised
4007,Right,Afraid
1825,Left,Sad
4549,Straight,Sad
2567,Straight,Afraid
2499,Right,Angry
2775,Straight,Angry
4286,Right,Angry
3057,Half Left,Angry
2180,Left,Angry
4381,Half Left,Angry
4655,Half Left,Angry
486,Right,Sad
719,Straight,Sad
57,Half Right,Sad
4000,Straight,Happy
4079,Half Right,Sad
1298,Straight,Disgusted
3684,Half Left,Happy
2265,Right,Neutral
3615,Left,Surprised
1219,Straight,Sad
1652,Half Left,Neutral
3655,Half Left,Neutral
4649,Right,Sad
4162,Left,Angry
2716,Left,Neutral
4429,Half Left,Neutral
3189,Straight,Angry
1716,Right,Happy
4219,Half Right,Afraid
1893,Right,Sad
446,Right,Afraid
3964,Half Right,Happy
990,Left,Surprised
1953,Half Right,Happy
2436,Half Right,Happy
1616,Straight,Happy
2488,Left,Angry
3996,Left,Happy
1404,Right,Happy
4116,Left,Surprised
575,Left,Neutral
2804,Left,Angry
4374,Left,Afraid
3926,Left,Happy
3179,Straight,Surprised
1932,Half Left,Surprised
3650,Right,Happy
2751,Left,Sad
2731,Left,Afraid
4403,Straight,Sad
910,Left,Disgusted
2162,Half Left,Neutral
1667,Half Left,Afraid
3804,Half Right,Surprised
3084,Straight,Angry
2912,Straight,Afraid
3155,Left,Disgusted
3632,Half Left,Surprised
2129,Half Right,Sad
4300,Right,Sad
1139,Straight,Afraid
1137,Half Left,Sad
16,Right,Disgusted
1672,Half Left,Neutral
4133,Half Right,Disgusted
1282,Half Right,Surprised
1407,Straight,Happy
3966,Left,Neutral
313,Half Left,Afraid
3638,Half Right,Afraid
2857,Straight,Neutral
3104,Straight,Sad
2556,Half Right,Surprised
353,Half Left,Angry
3886,Left,Disgusted
4438,Right,Surprised
211,Half Left,Afraid
451,Right,Surprised
2618,Left,Afraid
2812,Half Right,Disgusted
3974,Half Right,Disgusted
3841,Left,Afraid
2215,Left,Angry
2052,Straight,Disgusted
4225,Straight,Afraid
2574,Right,Happy
1493,Left,Afraid
2000,Left,Surprised
3797,Right,Sad
2320,Right,Angry
4369,Left,Angry
2099,Half Right,Sad
712,Half Left,Sad
1078,Half Right,Afraid
60,Right,Neutral
4721,Half Right,Afraid
28,Half Right,Sad
3047,Half Left,Disgusted
4757,Left,Angry
500,Left,Happy
1099,Straight,Neutral
2985,Half Left,Disgusted
2310,Right,Surprised
603,Left,Surprised
3930,Straight,Happy
4096,Left,Disgusted
4719,Right,Afraid
3760,Straight,Neutral
1064,Straight,Neutral
1950,Left,Happy
1577,Straight,Disgusted
1229,Straight,Neutral
1580,Half Left,Happy
755,Left,Surprised
1161,Right,Happy
674,Straight,Happy
1489,Right,Surprised
4023,Half Left,Angry
1455,Half Left,Surprised
3606,Right,Angry
4397,Half Right,Neutral
2943,Left,Disgusted
90,Right,Disgusted
2671,Half Right,Angry
3305,Left,Neutral
1662,Half Left,Surprised
1176,Right,Surprised
4635,Half Left,Neutral
1444,Right,Neutral
1448,Left,Sad
2842,Half Right,Angry
3349,Straight,Sad
928,Half Right,Neutral
4091,Left,Sad
3351,Right,Surprised
4419,Right,Disgusted
2638,Left,Angry
4187,Left,Afraid
2825,Right,Sad
226,Half Left,Happy
1934,Straight,Surprised
2238,Half Right,Sad
3195,Left,Happy
391,Right,Disgusted
3371,Right,Happy
3242,Half Left,Sad
4365,Left,Surprised
979,Straight,Sad
1417,Straight,Sad
1152,Half Left,Afraid
4323,Right,Happy
125,Right,Happy
2765,Straight,Surprised
258,Left,Angry
1054,Straight,Disgusted
2153,Half Left,Sad
3290,Left,Angry
104,Left,Surprised
323,Half Left,Disgusted
2193,Half Right,Happy
3873,Half Left,Surprised
1221,Right,Angry
4151,Half Right,Afraid
2309,Left,Surprised
1095,Left,Neutral
3482,Half Left,Neutral
1178,Half Right,Surprised
751,Right,Sad
1865,Right,Surprised
431,Right,Sad
1359,Right,Angry
3235,Left,Neutral
4676,Half Right,Sad
2971,Half Right,Surprised
1245,Left,Surprised
164,Left,Sad
1602,Straight,Disgusted
1235,Left,Neutral
2074,Right,Afraid
209,Left,Angry
1108,Half Right,Surprised
3036,Left,Sad
4350,Half Right,Angry
4259,Left,Angry
881,Right,Happy
4638,Left,Sad
3775,Straight,Afraid
4209,Half Left,Neutral
1439,Right,Happy
3739,Half Left,Sad
3393,Half Right,Afraid
477,Half Left,Neutral
4669,Right,Neutral
2999,Right,Sad
2232,Half Left,Neutral
267,Straight,Neutral
4324,Half Left,Happy
3004,Right,Surprised
304,Half Left,Sad
293,Right,Happy
3003,Left,Surprised
3955,Straight,Angry
3915,Straight,Afraid
2089,Half Right,Happy
3132,Half Left,Neutral
4184,Half Left,Surprised
2729,Half Right,Surprised
1665,Left,Afraid
2218,Half Right,Angry
4535,Straight,Neutral
4299,Half Right,Neutral
4347,Left,Angry
4647,Straight,Afraid
2085,Half Right,Disgusted
1380,Half Left,Sad
3749,Half Right,Disgusted
4765,Half Right,Disgusted
1429,Right,Angry
2639,Right,Sad
2831,Half Left,Afraid
347,Right,Afraid
3133,Half Right,Neutral
846,Right,Happy
3843,Half Left,Surprised
2252,Half Right,Angry
250,Right,Angry
651,Left,Surprised
723,Half Right,Surprised
4590,Left,Disgusted
1892,Left,Angry
1162,Half Left,Happy
1544,Right,Happy
1944,Straight,Angry
785,Left,Sad
2768,Half Left,Afraid
1419,Right,Surprised
2774,Half Right,Angry
860,Left,Surprised
2749,Half Right,Happy
2894,Right,Neutral
1939,Straight,Afraid
4583,Half Right,Afraid
3401,Right,Happy
3567,Half Left,Afraid
417,Half Left,Afraid
3676,Half Right,Angry
3077,Half Left,Afraid
2430,Half Left,Disgusted
4358,Half Right,Happy
2781,Left,Happy
660,Straight,Afraid
2326,Half Left,Disgusted
4274,Right,Sad
4197,Left,Disgusted
2507,Straight,Happy
3483,Half Right,Neutral
2443,Left,Sad
886,Right,Neutral
1314,Right,Disgusted
2636,Half Right,Angry
2776,Left,Disgusted
2544,Right,Sad
3342,Half Left,Neutral
3031,Straight,Neutral
691,Right,Afraid
240,Right,Afraid
3471,Right,Disgusted
2948,Left,Sad
138,Straight,Afraid
731,Right,Angry
3933,Half Left,Neutral
503,Half Right,Happy
766,Right,Angry
3063,Half Right,Neutral
3106,Right,Afraid
1831,Right,Surprised
2434,Right,Happy
4668,Left,Sad
556,Right,Afraid
3716,Straight,Disgusted
1038,Half Right,Afraid
3706,Straight,Disgusted
2992,Straight,Happy
469,Straight,Happy
2852,Half Right,Happy
124,Left,Neutral
281,Straight,Afraid
1302,Half Right,Happy
744,Straight,Happy
372,Half Left,Sad
3418,Half Right,Surprised
3988,Half Left,Angry
1374,Right,Neutral
2156,Left,Sad
2601,Half Right,Angry
479,Straight,Sad
705,Left,Happy
3216,Right,Afraid
490,Left,Angry
91,Half Left,Angry
2714,Half Right,Happy
2800,Right,Afraid
4297,Right,Sad
1631,Right,Afraid
3325,Left,Angry
3671,Half Right,Afraid
2108,Half Left,Afraid
3332,Half Left,Disgusted
794,Straight,Surprised
4200,Half Right,Disgusted
634,Half Right,Disgusted
1729,Right,Afraid
3972,Right,Afraid
2613,Left,Angry
1919,Straight,Happy
3035,Half Right,Afraid
383,Half Right,Afraid
3467,Half Left,Angry
3894,Half Right,Happy
4457,Left,Happy
1486,Half Right,Sad
2241,Half Left,Neutral
632,Right,Disgusted
2272,Half Right,Sad
1415,Half Left,Neutral
4073,Half Left,Neutral
128,Straight,Neutral
2898,Left,Happy
525,Left,Angry
1970,Left,Afraid
2621,Half Right,Sad
170,Right,Afraid
936,Right,Afraid
3545,Left,Happy
606,Half Right,Happy
2941,Half Right,Afraid
4390,Right,Happy
1072,Half Left,Surprised
1848,Half Right,Afraid
3254,Straight,Afraid
1237,Half Left,Neutral
4069,Half Right,Happy
925,Left,Sad
4078,Half Left,Neutral
437,Half Left,Afraid
4144,Right,Neutral
3348,Half Right,Sad
2406,Half Right,Neutral
3061,Right,Neutral
3504,Straight,Angry
290,Half Right,Disgusted
4619,Right,Angry
2647,Straight,Happy
2233,Half Right,Neutral
934,Straight,Surprised
112,Half Right,Angry
877,Half Left,Disgusted
2147,Right,Angry
2909,Right,Angry
4301,Half Left,Afraid
894,Straight,Sad
2213,Half Right,Surprised
3070,Left,Happy
458,Half Right,Angry
939,Straight,Afraid
1753,Left,Neutral
3089,Straight,Disgusted
4653,Left,Angry
2068,Left,Surprised
2126,Left,Neutral
49,Left,Surprised
4128,Half Left,Angry
689,Straight,Surprised
1714,Right,Happy
797,Half Left,Afraid
2896,Half Right,Sad
869,Straight,Afraid
2224,Straight,Afraid
4339,Half Left,Surprised
201,Half Left,Angry
4461,Straight,Happy
2331,Half Left,Happy
1741,Half Right,Angry
1619,Half Left,Neutral
1607,Left,Sad
3580,Left,Happy
1313,Left,Surprised
4756,Straight,Surprised
2968,Left,Surprised
4761,Straight,Angry
1348,Left,Surprised
1895,Left,Happy
3952,Right,Angry
3182,Half Left,Afraid
2132,Right,Disgusted
3279,Straight,Sad
4608,Straight,Sad
1651,Right,Neutral
2351,Half Left,Sad
1007,Half Left,Angry
1622,Right,Sad
2833,Straight,Surprised
3982,Right,Afraid
1976,Right,Angry
3412,Half Left,Neutral
2178,Half Right,Afraid
2619,Right,Afraid
2157,Right,Disgusted
1457,Straight,Surprised
4169,Half Left,Happy
4743,Right,Sad
2285,Right,Angry
194,Left,Neutral
2403,Left,Neutral
2417,Straight,Surprised
1918,Half Right,Happy
2704,Half Right,Angry
2216,Right,Angry
3046,Right,Disgusted
795,Left,Afraid
1965,Left,Sad
3748,Half Left,Disgusted
410,Left,Neutral
4272,Right,Neutral
1844,Straight,Angry
3400,Left,Disgusted
1747,Straight,Disgusted
1511,Half Right,Happy
2868,Left,Afraid
739,Straight,Disgusted
4606,Half Left,Sad
2125,Straight,Happy
1263,Half Right,Disgusted
3837,Right,Surprised
4009,Half Right,Sad
2411,Half Right,Sad
4447,Left,Angry
1481,Half Right,Neutral
1342,Straight,Neutral
1034,Straight,Afraid
623,Half Left,Afraid
4066,Left,Happy
2207,Half Left,Surprised
2496,Half Right,Angry
555,Left,Neutral
3232,Half Left,Happy
3658,Left,Sad
2609,Right,Neutral
1208,Half Right,Sad
2762,Right,Surprised
1857,Half Left,Neutral
941,Right,Angry
1312,Half Right,Sad
400,Left,Sad
2321,Half Left,Angry
4520,Straight,Angry
3817,Right,Disgusted
4055,Straight,Afraid
4623,Left,Disgusted
1426,Half Right,Afraid
1285,Right,Afraid
3364,Straight,Angry
4284,Half Right,Afraid
1975,Left,Angry
4581,Right,Afraid
1256,Right,Angry
2542,Straight,Happy
4271,Left,Neutral
2243,Straight,Surprised
1851,Right,Happy
1933,Half Right,Surprised
2895,Half Left,Sad
2420,Half Left,Afraid
276,Straight,Surprised
3889,Half Right,Disgusted
2521,Half Right,Surprised
1748,Left,Happy
3263,Half Right,Disgusted
4367,Half Left,Sad
2836,Half Left,Afraid
2056,Half Right,Happy
2666,Half Right,Disgusted
988,Half Right,Happy
3258,Half Right,Angry
1591,Half Right,Sad
3324,Straight,Afraid
1899,Straight,Surprised
4541,Right,Surprised
1819,Straight,Disgusted
1597,Straight,Surprised
3692,Left,Sad
852,Half Left,Neutral
2138,Half Left,Surprised
4648,Left,Afraid
2346,Half Left,Afraid
4586,Right,Angry
4354,Straight,Disgusted
117,Half Right,Disgusted
4708,Left,Sad
2454,Right,Sad
871,Right,Angry
3538,Half Right,Angry
2365,Half Left,Happy
78,Straight,Neutral
1430,Half Left,Angry
4554,Straight,Angry
4521,Left,Disgusted
3698,Right,Surprised
3477,Half Left,Happy
4198,Right,Disgusted
1126,Right,Happy
4421,Half Right,Disgusted
3765,Straight,Sad
2546,Half Right,Neutral
4228,Half Left,Angry
3857,Right,Happy
1360,Half Left,Angry
454,Straight,Afraid
3700,Half Right,Surprised
597,Half Right,Angry
1425,Half Left,Afraid
4605,Right,Sad
1353,Left,Afraid
4514,Half Right,Disgusted
738,Half Right,Disgusted
1460,Half Left,Afraid
3307,Half Left,Neutral
4701,Half Right,Happy
661,Left,Disgusted
3157,Half Left,Disgusted
3978,Half Left,Afraid
142,Half Right,Sad
3498,Half Right,Sad
4094,Half Right,Angry
2471,Half Right,Happy
2826,Half Left,Sad
4801,Straight,Afraid
1920,Left,Neutral
10,Left,Disgusted
997,Half Left,Disgusted
2936,Half Right,Surprised
2946,Half Right,Angry
2975,Half Left,Afraid
184,Left,Sad
1410,Half Left,Neutral
1822,Half Left,Neutral
3608,Half Right,Angry
2937,Straight,Surprised
1319,Right,Afraid
1505,Half Left,Disgusted
4453,Right,Disgusted
4488,Half Left,Disgusted
3145,Left,Afraid
1561,Half Right,Surprised
2128,Half Left,Neutral
2738,Half Left,Neutral
1280,Right,Surprised
1146,Right,Afraid
295,Half Right,Happy
4304,Right,Surprised
3512,Half Left,Happy
3772,Right,Afraid
21,Right,Neutral
1035,Left,Surprised
4804,Half Left,Happy
445,Left,Afraid
787,Half Left,Neutral
600,Right,Disgusted
4571,Right,Afraid
2810,Right,Disgusted
2747,Right,Happy
4632,Straight,Happy
1569,Right,Disgusted
2904,Right,Afraid
2244,Left,Afraid
3644,Straight,Angry
1463,Left,Angry
3202,Half Left,Neutral
3570,Left,Angry
2425,Half Left,Angry
4733,Left,Happy
4404,Left,Afraid
471,Right,Neutral
259,Right,Disgusted
3685,Half Right,Happy
4412,Half Right,Afraid
4749,Half Left,Surprised
2087,Right,Happy
1872,Half Right,Afraid
50,Right,Happy
565,Left,Disgusted
4227,Right,Angry
4017,Right,Afraid
2795,Straight,Sad
4575,Left,Surprised
3473,Half Right,Disgusted
4710,Half Left,Angry
3226,Right,Disgusted
4551,Right,Angry
4025,Straight,Angry
4349,Half Left,Angry
2356,Half Left,Angry
2564,Right,Afraid
835,Left,Angry
4713,Left,Happy
2712,Right,Happy
54,Left,Neutral
978,Half Right,Angry
2573,Left,Disgusted
3815,Straight,Angry
4636,Half Right,Neutral
2734,Half Right,Afraid
418,Half Right,Afraid
2694,Half Right,Surprised
3318,Half Right,Surprised
2235,Left,Afraid
2467,Straight,Happy
2142,Right,Sad
1164,Straight,Happy
1930,Left,Surprised
331,Left,Neutral
443,Half Right,Sad
2086,Left,Happy
4670,Half Left,Neutral
4503,Half Left,Sad
415,Left,Surprised
1993,Half Right,Neutral
2388,Left,Angry
1125,Left,Happy
140,Right,Afraid
4507,Right,Surprised
3975,Straight,Sad
3835,Straight,Sad
931,Right,Surprised
2363,Left,Happy
487,Half Left,Sad
1778,Right,Disgusted
3759,Half Right,Neutral
2900,Half Left,Surprised
1006,Right,Afraid
1833,Half Right,Afraid
2387,Straight,Afraid
829,Straight,Surprised
2527,Straight,Afraid
55,Right,Neutral
2410,Half Left,Disgusted
1849,Straight,Disgusted
1739,Right,Afraid
4409,Left,Afraid
3617,Half Left,Happy
2920,Half Left,Happy
2562,Straight,Surprised
2934,Right,Neutral
1989,Straight,Happy
4346,Straight,Neutral
3564,Straight,Surprised
68,Straight,Surprised
1390,Half Left,Afraid
1231,Right,Happy
1424,Right,Afraid
2893,Left,Sad
1735,Half Left,Afraid
406,Right,Neutral
4400,Right,Disgusted
1387,Straight,Surprised
1468,Left,Disgusted
447,Half Left,Surprised
687,Half Left,Surprised
1310,Right,Sad
3680,Half Right,Disgusted
4473,Right,Surprised
4744,Half Left,Afraid
4249,Straight,Sad
2011,Right,Angry
1599,Right,Sad
3710,Half Right,Angry
2701,Left,Angry
968,Half Right,Surprised
806,Right,Disgusted
1572,Straight,Angry
2935,Half Left,Afraid
3659,Right,Happy
1794,Half Right,Sad
1097,Half Left,Neutral
1608,Right,Disgusted
676,Right,Afraid
3336,Right,Happy
4130,Straight,Disgusted
963,Half Right,Sad
3583,Half Right,Happy
880,Left,Happy
733,Half Right,Angry
3599,Straight,Surprised
4173,Right,Neutral
825,Left,Surprised
23,Half Right,Neutral
756,Right,Surprised
2994,Right,Neutral
1686,Right,Happy
1446,Half Right,Neutral
4258,Straight,Afraid
656,Left,Disgusted
1070,Left,Surprised
3331,Right,Disgusted
1398,Left,Disgusted
1788,Half Left,Neutral
402,Half Left,Neutral
3660,Half Left,Sad
127,Half Right,Neutral
2617,Straight,Neutral
1341,Half Right,Neutral
554,Straight,Surprised
2923,Left,Neutral
2397,Straight,Disgusted
1583,Left,Neutral
1336,Half Right,Happy
4451,Straight,Angry
3335,Left,Happy
891,Right,Sad
976,Right,Angry
100,Right,Surprised
916,Right,Happy
4494,Half Right,Happy
1266,Half Left,Happy
1490,Half Left,Surprised
2064,Right,Happy
2981,Half Right,Angry
3730,Half Right,Sad
670,Left,Happy
160,Right,Neutral
1761,Straight,Afraid
807,Half Left,Disgusted
1603,Left,Angry
2247,Half Right,Happy
1121,Right,Angry
2205,Left,Surprised
1529,Right,Afraid
570,Left,Happy
3303,Half Right,Happy
3497,Half Left,Sad
2340,Right,Afraid
328,Half Left,Happy
4131,Left,Afraid
711,Right,Happy
4205,Half Right,Happy
235,Right,Disgusted
2143,Half Left,Afraid
812,Half Left,Happy
3168,Half Right,Neutral
3664,Right,Happy
2791,Left,Sad
4585,Left,Angry
4038,Half Left,Neutral
3266,Right,Happy
76,Half Left,Angry
4239,Half Right,Happy
4212,Right,Sad
919,Straight,Happy
2516,Half Right,Disgusted
2677,Left,Disgusted
1053,Half Right,Disgusted
3056,Right,Sad
649,Half Right,Sad
518,Half Right,Surprised
888,Half Right,Neutral
4625,Half Left,Disgusted
2427,Straight,Afraid
45,Right,Disgusted
1908,Half Right,Angry
1013,Half Right,Angry
2209,Straight,Surprised
4138,Half Right,Happy
4180,Half Right,Sad
949,Straight,Disgusted
2905,Half Left,Afraid
22,Half Left,Neutral
412,Half Left,Surprised
393,Half Right,Disgusted
605,Half Left,Happy
4351,Straight,Angry
2506,Half Right,Happy
1467,Straight,Angry
578,Half Right,Neutral
3252,Half Left,Afraid
4493,Half Left,Happy
1485,Half Left,Sad
1896,Right,Disgusted
198,Straight,Neutral
3292,Left,Angry
1727,Straight,Sad
2830,Right,Happy
513,Half Right,Sad
2489,Right,Happy
3809,Half Right,Afraid
2871,Half Right,Surprised
2485,Half Left,Surprised
3149,Straight,Afraid
0,Left,Afraid
3,Half Right,Afraid
2264,Left,Sad
3045,Left,Angry
4544,Straight,Surprised
1189,Straight,Angry
3783,Half Left,Disgusted
2993,Left,Neutral
1066,Right,Sad
1200,Left,Neutral
3871,Left,Surprised
4631,Half Right,Happy
867,Half Left,Afraid
4654,Right,Angry
4321,Straight,Disgusted
2183,Half Right,Angry
2692,Right,Neutral
3717,Left,Happy
134,Left,Sad
1085,Left,Disgusted
1474,Right,Happy
2631,Half Right,Afraid
537,Half Left,Happy
2648,Left,Afraid
3435,Left,Angry
3196,Right,Happy
1370,Half Left,Happy
4021,Left,Angry
1751,Half Right,Happy
717,Half Left,Sad
1246,Right,Happy
1663,Half Right,Surprised
735,Left,Disgusted
2876,Half Right,Angry
3611,Right,Disgusted
2458,Left,Happy
918,Half Right,Happy
1813,Half Right,Disgusted
3019,Right,Disgusted
4139,Left,Neutral
4245,Left,Afraid
800,Left,Angry
2884,Right,Disgusted
3973,Half Left,Sad
4734,Right,Happy
3714,Half Left,Disgusted
1548,Left,Neutral
3874,Half Right,Surprised
272,Left,Disgusted
3618,Half Right,Happy
1127,Half Left,Happy
1566,Half Right,Afraid
3050,Left,Neutral
3696,Straight,Sad
643,Half Left,Neutral
2501,Half Right,Disgusted
2780,Straight,Disgusted
1063,Half Right,Neutral
4385,Right,Disgusted
1289,Left,Angry
388,Half Right,Angry
1894,Half Left,Neutral
2867,Straight,Surprised
4097,Right,Disgusted
1174,Straight,Sad
2915,Half Left,Disgusted
561,Right,Angry
3187,Half Left,Angry
4714,Right,Surprised
702,Half Left,Disgusted
4244,Half Right,Angry
2720,Straight,Neutral
3309,Straight,Neutral
3788,Half Left,Happy
987,Half Left,Happy
1250,Left,Afraid
776,Right,Happy
637,Right,Neutral
4246,Right,Sad
2003,Half Right,Surprised
3865,Straight,Neutral
763,Half Right,Afraid
543,Half Right,Neutral
2380,Half Left,Surprised
1522,Straight,Sad
3868,Half Left,Sad
2413,Left,Surprised
1022,Half Left,Happy
3880,Straight,Afraid
2311,Half Left,Afraid
2088,Half Left,Happy
823,Half Right,Sad
3569,Straight,Afraid
2133,Half Left,Sad
2336,Half Left,Neutral
3566,Right,Afraid
986,Right,Angry
4478,Right,Afraid
2853,Straight,Happy
1131,Right,Neutral
884,Straight,Happy
616,Half Right,Neutral
141,Half Left,Sad
308,Right,Surprised
1159,Straight,Disgusted
4658,Left,Sad
1175,Left,Surprised
2,Half Left,Afraid
2006,Right,Afraid
3555,Left,Sad
2681,Straight,Happy
4515,Straight,Neutral
2874,Right,Neutral
3977,Right,Surprised
3879,Half Right,Surprised
3210,Left,Surprised
4802,Left,Happy
1225,Left,Disgusted
1349,Right,Surprised
463,Half Right,Disgusted
1615,Half Right,Happy
4415,Right,Angry
1730,Half Left,Afraid
981,Right,Happy
3350,Left,Surprised
1573,Left,Disgusted
4147,Straight,Sad
1418,Left,Surprised
1928,Half Right,Afraid
678,Half Right,Neutral
904,Straight,Afraid
1514,Right,Neutral
4437,Left,Surprised
2662,Straight,Surprised
4423,Right,Happy
1049,Straight,Angry
3677,Left,Disgusted
4217,Right,Surprised
4366,Right,Angry
549,Straight,Sad
191,Half Left,Happy
4559,Straight,Disgusted
1241,Right,Sad
1076,Right,Surprised
4292,Right,Happy
1856,Right,Neutral
1147,Half Left,Sad
450,Left,Afraid
4001,Left,Surprised
3203,Half Right,Neutral
3078,Half Right,Sad
3852,Right,Disgusted
3895,Straight,Happy
4099,Half Right,Disgusted
4223,Half Left,Disgusted
2950,Half Left,Disgusted
4560,Left,Disgusted
1055,Left,Happy
4512,Right,Disgusted
540,Left,Neutral
4386,Half Left,Disgusted
2131,Left,Sad
1733,Left,Sad
796,Right,Afraid
3367,Half Left,Disgusted
2274,Left,Surprised
25,Left,Disgusted
4695,Half Left,Disgusted
3055,Left,Happy
1553,Left,Sad
2947,Straight,Angry
2294,Left,Happy
4145,Half Left,Sad
4202,Left,Afraid
1201,Right,Sad
3024,Half Left,Happy
2956,Half Right,Disgusted
4059,Half Right,Angry
3703,Right,Afraid
4318,Right,Disgusted
1190,Left,Disgusted
3791,Left,Neutral
4491,Left,Happy
921,Right,Neutral
3985,Straight,Afraid
3715,Half Right,Disgusted
3172,Half Left,Sad
4771,Straight,Afraid
675,Left,Neutral
669,Straight,Disgusted
1551,Half Right,Sad
1704,Left,Angry
621,Left,Surprised
839,Straight,Angry
4418,Straight,Angry
4268,Half Left,Happy
4164,Half Left,Sad
3259,Straight,Angry
1462,Straight,Afraid
4471,Straight,Afraid
4070,Straight,Happy
2192,Half Left,Happy
4262,Right,Disgusted
654,Half Right,Surprised
821,Right,Sad
161,Half Left,Sad
2529,Right,Angry
792,Half Left,Neutral
535,Left,Happy
1588,Left,Disgusted
4331,Straight,Neutral
1217,Half Left,Happy
1648,Half Right,Happy
2821,Half Left,Sad
2487,Straight,Surprised
1850,Left,Happy
811,Right,Happy
3127,Half Left,Happy
1530,Half Left,Afraid
1634,Straight,Afraid
4679,Right,Surprised
2269,Left,Neutral
1567,Straight,Sad
2987,Straight,Disgusted
4795,Half Right,Neutral
4103,Half Left,Happy
4693,Left,Disgusted
1482,Straight,Neutral
2017,Half Left,Disgusted
2641,Half Right,Disgusted
2727,Right,Neutral
3120,Left,Disgusted
3951,Left,Angry
798,Half Right,Afraid
3340,Left,Neutral
3720,Half Right,Happy
1521,Half Right,Sad
3543,Half Right,Disgusted
3244,Straight,Sad
2967,Straight,Sad
579,Straight,Neutral
3838,Half Left,Surprised
1728,Left,Surprised
4637,Straight,Afraid
4048,Half Left,Surprised
3613,Half Right,Disgusted
828,Half Right,Surprised
2879,Right,Neutral
245,Right,Afraid
2323,Straight,Angry
2851,Half Left,Happy
1695,Left,Afraid
3502,Half Left,Angry
3262,Half Left,Disgusted
3656,Half Right,Neutral
2261,Half Left,Happy
2632,Straight,Sad
3668,Left,Afraid
2651,Half Right,Neutral
4082,Right,Surprised
1812,Half Left,Disgusted
1973,Half Right,Afraid
2117,Right,Afraid
3647,Half Left,Sad
1774,Half Left,Angry
2581,Half Right,Sad
3757,Right,Neutral
1637,Half Left,Angry
3423,Half Right,Sad
2409,Right,Happy
1494,Right,Afraid
973,Half Right,Afraid
4782,Left,Surprised
2908,Left,Angry
4522,Right,Afraid
83,Straight,Afraid
2745,Straight,Disgusted
4204,Half Left,Happy
4450,Half Right,Angry
2048,Straight,Angry
3673,Left,Angry
3523,Half Right,Sad
4378,Straight,Afraid
892,Half Left,Sad
625,Straight,Afraid
1585,Half Left,Neutral
2777,Right,Disgusted
4596,Right,Happy
3234,Straight,Happy
481,Right,Surprised
85,Right,Neutral
1936,Right,Sad
853,Half Right,Neutral
2268,Straight,Neutral
2691,Left,Surprised
780,Left,Neutral
2405,Half Left,Afraid
1575,Half Left,Disgusted
462,Half Left,Sad
416,Right,Disgusted
4413,Straight,Afraid
3488,Half Right,Sad
3639,Straight,Afraid
1238,Half Right,Neutral
2081,Straight,Angry
1964,Straight,Sad
3939,Half Right,Sad
3612,Half Left,Disgusted
387,Half Left,Angry
1991,Right,Neutral
2342,Half Right,Sad
3890,Straight,Disgusted
3670,Half Left,Afraid
2563,Left,Angry
608,Left,Surprised
1701,Right,Afraid
2415,Half Left,Surprised
2368,Left,Neutral
940,Left,Angry
403,Half Right,Neutral
4295,Straight,Happy
4458,Right,Happy
635,Straight,Disgusted
2914,Right,Disgusted
334,Half Right,Neutral
1226,Right,Sad
4469,Half Left,Sad
92,Half Right,Sad
2524,Right,Surprised
2750,Straight,Happy
4672,Straight,Neutral
2815,Right,Happy
4683,Left,Afraid
3417,Half Left,Sad
700,Left,Disgusted
995,Left,Happy
3743,Half Left,Angry
3485,Left,Sad
4697,Straight,Disgusted
113,Straight,Afraid
1140,Left,Surprised
1206,Right,Happy
3634,Straight,Surprised
3388,Half Right,Surprised
283,Right,Angry
2809,Left,Disgusted
3456,Right,Surprised
3699,Half Left,Surprised
3598,Half Right,Surprised
4373,Straight,Surprised
4786,Straight,Surprised
1676,Right,Disgusted
2240,Right,Neutral
193,Straight,Happy
805,Left,Disgusted
2829,Left,Surprised
4129,Half Right,Angry
4068,Half Left,Happy
2194,Straight,Happy
4172,Left,Neutral
1873,Straight,Afraid
3316,Right,Surprised
305,Half Right,Neutral
3971,Left,Sad
1096,Right,Neutral
3306,Right,Neutral
2296,Half Left,Happy
4519,Half Right,Angry
260,Half Left,Disgusted
4364,Straight,Neutral
1157,Half Left,Disgusted
1129,Straight,Happy
1734,Right,Angry
3073,Half Right,Surprised
4067,Right,Happy
4140,Right,Neutral
3604,Straight,Afraid
509,Straight,Sad
357,Right,Disgusted
2379,Right,Surprised
1160,Left,Happy
2560,Half Left,Angry
3596,Right,Surprised
961,Right,Sad
1687,Half Left,Neutral
1158,Half Right,Disgusted
3842,Right,Afraid
4633,Left,Neutral
364,Half Right,Happy
1232,Half Left,Happy
2394,Right,Neutral
1092,Half Left,Happy
2237,Half Left,Afraid
3124,Straight,Disgusted
4224,Half Right,Afraid
4132,Half Left,Disgusted
4705,Half Left,Neutral
726,Right,Afraid
4742,Left,Sad
2706,Left,Sad
1168,Half Right,Neutral
3753,Half Left,Happy
177,Half Right,Surprised
906,Right,Angry
1308,Straight,Angry
646,Left,Angry
1879,Right,Disgusted
2152,Right,Disgusted
4275,Half Left,Sad
4542,Half Left,Surprised
3626,Right,Disgusted
2032,Half Right,Sad
3931,Left,Neutral
4411,Half Left,Afraid
3794,Half Right,Neutral
2684,Half Left,Neutral
4482,Right,Angry
1876,Half Right,Angry
79,Left,Angry
236,Half Left,Sad
269,Right,Disgusted
793,Half Right,Surprised
685,Left,Surprised
4752,Left,Afraid
2742,Right,Disgusted
2635,Half Left,Angry
4639,Right,Sad
3379,Straight,Neutral
2657,Straight,Sad
989,Straight,Happy
1811,Right,Disgusted
1545,Half Left,Happy
2330,Right,Surprised
2433,Left,Happy
189,Left,Happy
1627,Half Left,Surprised
4510,Straight,Surprised
2811,Half Left,Disgusted
789,Straight,Sad
3826,Left,Neutral
1016,Right,Sad
568,Half Right,Disgusted
604,Right,Surprised
3490,Left,Surprised
4758,Right,Sad
1642,Half Left,Disgusted
1725,Half Left,Disgusted
521,Right,Afraid
2725,Straight,Sad
4773,Right,Neutral
956,Right,Neutral
1262,Half Left,Disgusted
3722,Left,Neutral
2549,Right,Neutral
59,Left,Happy
3184,Straight,Sad
2316,Half Left,Afraid
4355,Left,Disgusted
1384,Right,Surprised
2280,Right,Afraid
3662,Straight,Afraid
96,Half Left,Neutral
3190,Left,Disgusted
3898,Half Left,Neutral
2442,Straight,Neutral
831,Right,Afraid
4003,Half Left,Neutral
3821,Left,Happy
3330,Left,Disgusted
2599,Right,Neutral
841,Right,Disgusted
1963,Half Right,Sad
858,Half Right,Sad
4675,Half Left,Sad
1524,Right,Surprised
3744,Half Right,Angry
354,Half Right,Angry
2782,Right,Happy
2168,Half Right,Sad
4111,Left,Neutral
1449,Right,Sad
175,Right,Surprised
1259,Straight,Angry
1595,Half Left,Surprised
3065,Left,Sad
3866,Left,Disgusted
4650,Half Left,Afraid
143,Straight,Afraid
4776,Straight,Neutral
4641,Half Right,Sad
1356,Half Right,Afraid
3514,Straight,Happy
478,Half Right,Sad
4584,Straight,Afraid
2674,Right,Disgusted
4543,Half Right,Surprised
1180,Left,Afraid
4664,Right,Happy
4028,Half Left,Disgusted
4481,Left,Angry
4401,Half Left,Sad
1792,Right,Sad
708,Half Right,Happy
1766,Straight,Surprised
3918,Half Left,Angry
3441,Right,Happy
2371,Half Right,Angry
2600,Half Left,Angry
930,Left,Surprised
3116,Right,Angry
1909,Straight,Angry
2580,Half Left,Neutral
1083,Half Right,Angry
3492,Half Left,Afraid
1292,Half Right,Angry
680,Left,Sad
2818,Straight,Happy
1456,Half Right,Surprised
2367,Straight,Happy
546,Right,Sad
1999,Straight,Sad
107,Half Right,Afraid
3922,Right,Disgusted
3878,Half Left,Afraid
1276,Half Left,Sad
2293,Straight,Disgusted
4119,Half Right,Afraid
1632,Half Left,Afraid
3068,Half Right,Sad
4508,Half Left,Surprised
2419,Right,Sad
3834,Half Right,Sad
3093,Half Right,Happy
1836,Right,Afraid
4208,Right,Neutral
466,Right,Afraid
231,Half Left,Neutral
4435,Half Right,Sad
4370,Right,Happy
2066,Half Right,Sad
1031,Right,Sad
1757,Left,Afraid
4652,Straight,Afraid
4050,Straight,Surprised
2107,Right,Disgusted
544,Straight,Neutral
3060,Left,Neutral
2854,Left,Neutral
470,Left,Neutral
180,Right,Sad
3074,Straight,Surprised
4203,Right,Happy
908,Half Right,Angry
3709,Half Left,Angry
4325,Half Right,Happy
2119,Half Right,Disgusted
3780,Straight,Angry
4634,Right,Surprised
1081,Right,Happy
3275,Left,Sad
3790,Straight,Happy
2392,Straight,Disgusted
3320,Left,Afraid
539,Straight,Happy
1636,Right,Angry
3236,Right,Neutral
872,Half Left,Angry
4747,Left,Surprised
507,Half Left,Neutral
421,Right,Angry
4278,Half Left,Surprised
4576,Right,Surprised
2959,Right,Surprised
2460,Half Left,Angry
4146,Half Right,Sad
327,Right,Happy
2988,Left,Happy
2806,Half Left,Angry
3071,Right,Surprised
3665,Half Left,Surprised
2740,Straight,Angry
1593,Left,Surprised
4191,Straight,Afraid
655,Straight,Surprised
4241,Left,Neutral
2341,Half Left,Sad
3403,Half Right,Disgusted
2161,Right,Neutral
3159,Straight,Disgusted
3095,Left,Neutral
1743,Left,Surprised
1845,Left,Disgusted
4117,Right,Surprised
2796,Left,Surprised
764,Straight,Sad
4662,Straight,Disgusted
2962,Straight,Neutral
3096,Right,Happy
314,Half Right,Afraid
1143,Half Right,Afraid
4104,Half Right,Happy
3506,Right,Disgusted
924,Straight,Neutral
748,Half Right,Neutral
1684,Straight,Happy
4532,Right,Neutral
1803,Half Left,Afraid
268,Left,Surprised
3928,Half Left,Happy
2219,Straight,Angry
3150,Left,Angry
3405,Left,Happy
4694,Right,Disgusted
115,Right,Disgusted
1646,Right,Happy
2952,Straight,Disgusted
4406,Half Left,Surprised
3577,Half Left,Disgusted
2480,Half Left,Sad
3432,Half Left,Neutral
2649,Right,Happy
273,Right,Surprised
2655,Half Left,Sad
73,Straight,Afraid
2673,Left,Disgusted
716,Right,Sad
1554,Right,Sad
4810,Half Right,Neutral
2212,Half Left,Surprised
3672,Straight,Afraid
2038,Straight,Surprised
4041,Left,Disgusted
1898,Half Right,Afraid
4174,Half Left,Neutral
571,Right,Happy
4524,Right,Disgusted
1783,Half Left,Happy
3322,Half Left,Afraid
2872,Straight,Afraid
1645,Left,Happy
3229,Straight,Disgusted
4692,Straight,Angry
824,Straight,Sad
3027,Left,Neutral
3010,Half Left,Sad
3875,Straight,Surprised
3255,Left,Angry
156,Half Left,Happy
2755,Straight,Neutral
4044,Half Right,Neutral
1393,Left,Angry
3362,Half Left,Angry
4186,Straight,Surprised
1213,Half Right,Surprised
4109,Half Right,Sad
190,Right,Happy
630,Straight,Angry
3691,Straight,Neutral
289,Half Left,Disgusted
533,Half Right,Disgusted
4332,Left,Sad
2759,Half Right,Sad
3067,Half Left,Sad
4356,Right,Disgusted
2799,Left,Disgusted
2312,Half Right,Surprised
4671,Half Right,Neutral
2928,Left,Sad
4505,Straight,Afraid
932,Half Left,Surprised
363,Half Left,Happy
341,Left,Surprised
2977,Straight,Afraid
1655,Left,Sad
3938,Half Left,Sad
4724,Right,Angry
306,Straight,Sad
753,Half Right,Sad
2468,Left,Surprised
2551,Half Right,Surprised
4627,Straight,Disgusted
657,Right,Afraid
3222,Half Left,Angry
1272,Half Right,Sad
1198,Half Right,Happy
3548,Half Right,Happy
813,Half Right,Happy
17,Half Left,Happy
2760,Straight,Sad
2547,Straight,Neutral
3833,Half Left,Sad
684,Straight,Sad
3532,Half Left,Afraid
47,Half Right,Disgusted
2536,Half Right,Disgusted
998,Half Right,Afraid
2154,Half Right,Disgusted
3818,Half Left,Disgusted
3588,Half Right,Neutral
2027,Half Left,Neutral
722,Half Left,Surprised
4589,Straight,Angry
1441,Half Right,Happy
1508,Left,Happy
2887,Straight,Happy
2565,Half Left,Angry
3329,Straight,Angry
1669,Straight,Afraid
3736,Straight,Surprised
119,Left,Happy
4568,Half Right,Sad
3261,Right,Disgusted
1364,Right,Disgusted
2301,Half Left,Neutral
3366,Right,Disgusted
4122,Right,Afraid
474,Straight,Neutral
3489,Straight,Sad
1212,Half Left,Surprised
3217,Half Left,Afraid
2820,Right,Afraid
4014,Half Right,Surprised
168,Straight,Sad
210,Right,Angry
282,Left,Angry
2435,Half Left,Happy
599,Left,Happy
4624,Right,Sad
2141,Left,Afraid
1144,Straight,Surprised
4250,Left,Surprised
159,Left,Neutral
4588,Half Right,Angry
2313,Straight,Surprised
926,Right,Sad
4226,Left,Angry
1590,Half Left,Sad
1582,Straight,Happy
4684,Right,Afraid
3998,Half Left,Happy
2292,Half Right,Disgusted
1350,Half Left,Surprised
4579,Straight,Surprised
3250,Left,Afraid
1132,Half Left,Neutral
622,Right,Afraid
44,Left,Sad
4233,Half Left,Disgusted
3941,Left,Surprised
465,Left,Surprised
3910,Straight,Surprised
1068,Half Right,Sad
2730,Straight,Surprised
3148,Half Right,Afraid
2483,Left,Happy
3125,Left,Happy
408,Half Right,Sad
428,Half Right,Disgusted
4314,Right,Angry
2101,Left,Surprised
4547,Half Left,Neutral
1814,Straight,Disgusted
3563,Half Right,Surprised
1534,Right,Angry
1019,Straight,Disgusted
2164,Straight,Sad
4610,Right,Surprised
2211,Right,Surprised
4058,Half Left,Angry
2569,Right,Disgusted
898,Half Right,Surprised
2919,Right,Surprised
2511,Half Right,Angry
857,Half Left,Afraid
4015,Straight,Surprised
4013,Half Left,Surprised
2733,Half Left,Afraid
1051,Right,Disgusted
2047,Half Right,Angry
1498,Left,Angry
3384,Straight,Sad
3434,Straight,Neutral
2158,Half Left,Happy
2814,Left,Happy
420,Left,Angry
2593,Left,Afraid
247,Half Right,Afraid
4039,Half Right,Neutral
1937,Half Left,Angry
2446,Half Right,Sad
1251,Right,Surprised
1046,Right,Angry
1405,Half Left,Happy
3856,Left,Happy
2841,Half Left,Angry
3981,Left,Sad
2040,Right,Sad
3616,Right,Happy
4663,Left,Happy
2112,Right,Sad
2973,Left,Surprised
732,Half Left,Angry
3140,Left,Surprised
814,Straight,Happy
2494,Right,Happy
3769,Half Right,Surprised
4110,Straight,Neutral
317,Right,Angry
4062,Right,Disgusted
4511,Left,Happy
4416,Half Left,Angry
1737,Straight,Afraid
1058,Half Right,Happy
2364,Right,Happy
2965,Half Left,Sad
3151,Right,Angry
3008,Left,Surprised
223,Straight,Disgusted
1502,Straight,Angry
4019,Half Right,Afraid
433,Half Right,Happy
154,Left,Happy
3902,Right,Sad
2277,Half Right,Surprised
2369,Right,Neutral
3387,Half Left,Surprised
1023,Half Right,Happy
3891,Left,Happy
2634,Right,Sad
4106,Left,Happy
145,Right,Angry
4247,Half Left,Afraid
569,Straight,Disgusted
3623,Half Right,Neutral
4054,Half Right,Afraid
2491,Half Right,Disgusted
3674,Right,Angry
4273,Half Right,Neutral
1855,Left,Neutral
2705,Straight,Angry
337,Right,Sad
1234,Straight,Happy
1224,Straight,Afraid
2223,Half Right,Disgusted
673,Half Right,Happy
2176,Right,Sad
3800,Straight,Sad
770,Left,Sad
2348,Straight,Surprised
830,Left,Afraid
696,Right,Angry
2481,Half Right,Afraid
566,Right,Disgusted
2370,Half Left,Neutral
4767,Left,Happy
174,Left,Afraid
3786,Left,Happy
2505,Half Left,Happy
3130,Left,Neutral
4659,Right,Disgusted
1476,Half Right,Happy
4348,Right,Sad
2329,Left,Angry
74,Left,Afraid
2472,Straight,Happy
1525,Half Left,Surprised
586,Right,Surprised
1461,Half Right,Surprised
2400,Half Left,Afraid
2110,Straight,Disgusted
3678,Right,Disgusted
2432,Straight,Disgusted
2676,Half Right,Disgusted
3197,Half Left,Happy
672,Half Left,Happy
186,Half Left,Disgusted
1270,Right,Neutral
1506,Half Right,Disgusted
316,Left,Angry
767,Half Left,Angry
4745,Half Right,Sad
1691,Right,Sad
890,Left,Sad
4340,Half Right,Surprised
838,Half Right,Angry
424,Straight,Angry
3552,Half Left,Neutral
4310,Half Left,Surprised
2073,Left,Afraid
3585,Left,Neutral
2741,Left,Disgusted
4760,Half Right,Angry
99,Left,Afraid
310,Half Right,Surprised
1635,Left,Angry
4485,Straight,Angry
3054,Straight,Disgusted
1287,Half Right,Afraid
199,Left,Sad
952,Half Left,Happy
3948,Half Left,Afraid
4600,Left,Neutral
1715,Half Left,Happy
2650,Half Left,Neutral
4230,Straight,Angry
1406,Half Right,Happy
3083,Half Right,Angry
3107,Half Left,Surprised
2864,Right,Surprised
2008,Half Right,Afraid
4089,Half Right,Afraid
1501,Half Right,Angry
2202,Half Left,Neutral
2253,Straight,Angry
3754,Half Right,Happy
2951,Half Right,Disgusted
139,Left,Afraid
4484,Half Right,Angry
3937,Right,Sad
1871,Half Left,Sad
3666,Half Right,Surprised
4463,Right,Neutral
4072,Right,Neutral
2140,Straight,Surprised
734,Straight,Angry
4707,Straight,Neutral
2679,Half Left,Afraid
2927,Straight,Neutral
3373,Half Right,Happy
4196,Straight,Angry
2890,Half Left,Neutral
3976,Left,Neutral
2200,Left,Sad
2711,Left,Surprised
1540,Half Left,Disgusted
2402,Straight,Happy
1001,Right,Surprised
4194,Half Left,Angry
3621,Right,Neutral
4280,Straight,Surprised
4080,Straight,Sad
4167,Left,Happy
3501,Right,Angry
671,Right,Disgusted
3041,Right,Sad
3474,Straight,Disgusted
2983,Left,Sad
4168,Right,Sad
3209,Straight,Sad
1002,Half Left,Afraid
1713,Left,Disgusted
3177,Half Left,Surprised
1606,Half Right,Angry
4075,Straight,Neutral
2888,Left,Sad
809,Straight,Disgusted
411,Right,Surprised
2986,Half Right,Disgusted
1834,Straight,Surprised
373,Half Right,Sad
4276,Straight,Sad
2612,Straight,Happy
2683,Right,Neutral
2848,Straight,Disgusted
483,Half Right,Surprised
3987,Right,Disgusted
1693,Half Right,Sad
3652,Half Right,Happy
2279,Left,Afraid
3733,Right,Surprised
4189,Half Left,Angry
1689,Straight,Neutral
3807,Right,Afraid
522,Half Left,Happy
2061,Half Right,Neutral
2196,Right,Neutral
345,Straight,Surprised
460,Left,Sad
1480,Half Left,Neutral
4277,Left,Surprised
2428,Left,Afraid
2137,Right,Happy
1771,Straight,Afraid
2041,Half Left,Sad
3218,Half Right,Afraid
2682,Left,Neutral
3719,Half Left,Happy
492,Half Left,Angry
3424,Straight,Afraid
1787,Right,Neutral
4592,Half Left,Disgusted
3721,Straight,Happy
1649,Straight,Happy
135,Right,Surprised
4002,Right,Neutral
4764,Half Left,Disgusted
1045,Left,Angry
2758,Half Left,Angry
816,Right,Neutral
122,Half Right,Happy
2737,Right,Disgusted
2913,Left,Disgusted
2982,Straight,Angry
3044,Straight,Afraid
212,Half Right,Afraid
1862,Half Right,Sad
4620,Half Left,Angry
2077,Left,Angry
1546,Half Right,Happy
4436,Straight,Sad
3270,Left,Neutral
2753,Half Left,Neutral
1496,Half Right,Afraid
216,Half Left,Angry
4696,Half Right,Disgusted
964,Straight,Sad
4820,Half Right,Surprised
1032,Half Left,Afraid
2640,Half Left,Disgusted
4084,Half Right,Surprised
624,Half Right,Afraid
1613,Right,Happy
2470,Half Left,Happy
1062,Half Left,Neutral
3986,Left,Angry
865,Left,Afraid
2023,Half Right,Happy
3143,Half Right,Surprised
3747,Right,Disgusted
4703,Left,Neutral
1269,Left,Neutral
2797,Right,Surprised
1775,Half Right,Angry
2201,Right,Afraid
1111,Right,Sad
3675,Half Left,Angry
4047,Right,Surprised
3406,Right,Disgusted
1708,Left,Disgusted
591,Right,Disgusted
2767,Right,Afraid
2165,Left,Disgusted
514,Straight,Neutral
4037,Right,Neutral
3888,Half Left,Happy
552,Half Left,Surprised
2116,Left,Disgusted
1169,Left,Afraid
2875,Half Left,Angry
3832,Right,Sad
694,Straight,Afraid
3954,Half Right,Angry
627,Right,Angry
4790,Half Right,Afraid
1768,Right,Afraid
2031,Half Left,Sad
2302,Half Right,Neutral
1475,Half Left,Happy
2118,Half Left,Disgusted
1106,Right,Surprised
4252,Half Left,Surprised
3774,Half Right,Afraid
2231,Right,Happy
261,Right,Disgusted
2698,Half Left,Afraid
3005,Half Left,Surprised
48,Straight,Disgusted
4320,Half Right,Disgusted
3180,Left,Afraid
923,Half Right,Neutral
4182,Left,Neutral
2687,Left,Angry
3215,Left,Afraid
2090,Straight,Happy
488,Half Right,Afraid
783,Half Right,Neutral
2210,Left,Afraid
1552,Straight,Neutral
2080,Half Right,Angry
2623,Left,Sad
3495,Left,Happy
3076,Right,Neutral
2675,Half Left,Afraid
1870,Right,Afraid
1875,Half Left,Disgusted
229,Left,Disgusted
1681,Right,Happy
1244,Straight,Afraid
1818,Half Right,Happy
693,Half Right,Afraid
3635,Left,Afraid
721,Right,Surprised
2861,Half Right,Sad
582,Half Left,Afraid
4232,Right,Disgusted
2525,Half Left,Sad
4723,Left,Angry
97,Half Right,Sad
4422,Left,Happy
2783,Half Left,Happy
1182,Half Left,Afraid
2541,Half Right,Happy
4076,Left,Sad
3750,Straight,Disgusted
4291,Left,Happy
93,Straight,Neutral
1571,Half Right,Angry
3518,Half Right,Neutral
775,Left,Happy
3578,Half Right,Disgusted
2284,Left,Angry
1562,Straight,Surprised
3914,Half Right,Afraid
2325,Right,Happy
1698,Half Right,Surprised
1947,Half Left,Disgusted
31,Half Left,Surprised
2622,Straight,Sad
1243,Half Right,Sad
1288,Straight,Disgusted
3001,Half Right,Sad
1347,Straight,Sad
3431,Right,Surprised
2362,Straight,Disgusted
2924,Right,Neutral
3711,Straight,Disgusted
208,Straight,Surprised
2373,Left,Sad
1533,Left,Angry
178,Straight,Surprised
3337,Half Left,Happy
866,Right,Afraid
12,Half Left,Afraid
1296,Half Left,Disgusted
3253,Half Right,Surprised
1339,Right,Neutral
3138,Half Right,Sad
3571,Right,Angry
4656,Half Right,Angry
718,Half Right,Sad
2477,Straight,Neutral
1626,Right,Surprised
4425,Half Right,Happy
3904,Half Right,Sad
1677,Half Left,Disgusted
3118,Half Right,Angry
4591,Right,Disgusted
1012,Half Left,Angry
4621,Half Right,Angry
4498,Half Left,Neutral
1777,Left,Disgusted
3080,Left,Angry
531,Right,Disgusted
438,Half Right,Neutral
3811,Left,Angry
2743,Half Left,Disgusted
3257,Half Left,Angry
2283,Straight,Afraid
2009,Straight,Afraid
2717,Right,Happy
1861,Half Left,Angry
2543,Left,Neutral
710,Left,Neutral
167,Half Right,Sad
4287,Right,Surprised
2384,Right,Disgusted
2079,Half Left,Angry
214,Left,Angry
4338,Right,Surprised
165,Right,Disgusted
3102,Half Left,Angry
3764,Half Right,Sad
2844,Left,Disgusted
1680,Left,Happy
3426,Right,Afraid
2281,Half Left,Afraid
3296,Right,Disgusted
3544,Straight,Disgusted
1612,Left,Happy
1453,Left,Surprised
3960,Straight,Disgusted
1987,Half Left,Happy
1977,Half Left,Sad
2016,Right,Disgusted
4660,Half Left,Disgusted
2515,Half Left,Sad
3959,Half Right,Disgusted
3392,Half Left,Sad
4359,Straight,Happy
3872,Right,Surprised
2534,Right,Disgusted
2092,Right,Neutral
3633,Half Right,Surprised
1202,Half Left,Neutral
2608,Left,Happy
2097,Right,Sad
504,Straight,Happy
4718,Left,Sad
3887,Right,Disgusted
3556,Right,Afraid
1630,Left,Afraid
4012,Right,Surprised
149,Left,Angry
3015,Half Left,Angry
1887,Straight,Happy
663,Half Left,Angry
1830,Left,Surprised
3806,Left,Sad
917,Half Left,Happy
195,Right,Neutral
2520,Half Left,Surprised
3510,Left,Happy
4221,Left,Afraid
3515,Left,Sad
2287,Half Right,Angry
1400,Half Left,Disgusted
1685,Left,Neutral
3428,Half Right,Afraid
587,Half Left,Surprised
2332,Half Right,Happy
1696,Right,Surprised
1938,Half Right,Afraid
2457,Straight,Sad
3870,Straight,Afraid
609,Right,Neutral
982,Half Left,Afraid
659,Half Right,Sad
3521,Right,Afraid
4460,Half Right,Happy
2744,Half Right,Disgusted
4479,Half Left,Afraid
3361,Right,Angry
1363,Left,Disgusted
3173,Half Right,Sad
1042,Half Left,Afraid
1796,Left,Surprised
2700,Straight,Afraid
3449,Straight,Neutral
2728,Half Left,Afraid
1491,Half Right,Surprised
3881,Left,Angry
3944,Half Right,Surprised
4308,Left,Afraid
1128,Half Right,Happy
3295,Left,Disgusted
1971,Right,Afraid
4666,Half Right,Happy
3204,Straight,Surprised
1961,Right,Sad
218,Straight,Angry
109,Left,Angry
620,Half Right,Afraid
2025,Left,Neutral
3847,Right,Angry
2054,Right,Happy
2190,Left,Happy
840,Left,Disgusted
1707,Half Right,Angry
3782,Right,Disgusted
315,Straight,Afraid
4199,Half Left,Disgusted
307,Left,Surprised
1005,Left,Surprised
4531,Left,Neutral
1563,Left,Afraid
3517,Half Left,Neutral
3370,Left,Happy
24,Straight,Neutral
2643,Left,Afraid
1172,Half Left,Sad
1705,Right,Angry
2816,Half Left,Happy
2856,Half Left,Neutral
2120,Left,Disgusted
1010,Left,Angry
3558,Half Right,Sad
4383,Straight,Angry
1249,Straight,Sad
2145,Straight,Afraid
1988,Half Right,Happy
2426,Half Right,Angry
2778,Half Left,Disgusted
2665,Half Left,Afraid
3919,Half Right,Angry
1318,Left,Happy
1454,Right,Surprised
1050,Left,Disgusted
106,Half Left,Afraid
2916,Half Right,Disgusted
2620,Half Left,Afraid
292,Left,Happy
4141,Half Left,Neutral
4468,Right,Sad
2018,Half Right,Disgusted
3466,Right,Angry
991,Right,Angry
876,Right,Disgusted
1218,Half Right,Afraid
2306,Half Left,Sad
658,Half Left,Afraid
3175,Left,Surprised
512,Half Left,Sad
4617,Straight,Afraid
401,Right,Sad
3278,Half Right,Sad
3924,Half Right,Disgusted
4735,Half Left,Happy
3935,Straight,Neutral
4811,Straight,Neutral
2424,Right,Disgusted
818,Half Right,Neutral
4739,Half Left,Neutral
2597,Straight,Surprised
2045,Right,Angry
2955,Half Left,Happy
4120,Straight,Surprised
527,Half Left,Angry
4064,Half Right,Disgusted
3853,Half Left,Disgusted
157,Half Right,Happy
3854,Half Right,Disgusted
4720,Half Left,Afraid
2633,Left,Sad
4562,Half Left,Happy
2550,Half Left,Sad
1423,Left,Afraid
4688,Left,Angry
4165,Half Right,Afraid
1283,Straight,Surprised
1003,Half Right,Surprised
3286,Right,Afraid
1542,Straight,Disgusted
3193,Half Right,Disgusted
2860,Half Left,Surprised
1625,Left,Surprised
299,Half Left,Neutral
1718,Left,Neutral
1874,Left,Disgusted
817,Half Left,Neutral
2961,Half Right,Neutral
937,Half Left,Afraid
2807,Half Right,Angry
1286,Half Left,Sad
1972,Half Left,Afraid
1492,Straight,Surprised
584,Straight,Afraid
1273,Straight,Neutral
441,Right,Neutral
3087,Half Left,Sad
1124,Straight,Disgusted
3796,Left,Sad
4264,Half Right,Disgusted
32,Half Right,Afraid
4732,Straight,Disgusted
2278,Straight,Surprised
3455,Left,Surprised
902,Half Left,Afraid
2372,Straight,Neutral
3883,Half Left,Sad
636,Left,Happy
1150,Left,Angry
1617,Left,Neutral
970,Left,Neutral
4307,Straight,Surprised
4016,Left,Afraid
3289,Straight,Afraid
4384,Left,Disgusted
4220,Straight,Surprised
3534,Straight,Afraid
3356,Right,Afraid
4538,Half Left,Sad
900,Left,Afraid
1329,Right,Disgusted
2418,Left,Afraid
4387,Half Right,Disgusted
790,Left,Surprised
2787,Right,Neutral
4537,Right,Sad
2779,Half Right,Disgusted
2226,Right,Happy
3321,Right,Afraid
1325,Half Left,Angry
2289,Left,Disgusted
1653,Half Right,Neutral
2060,Half Left,Neutral
1628,Half Right,Surprised
984,Straight,Neutral
3115,Left,Angry
3219,Straight,Afraid
3137,Half Left,Afraid
1882,Straight,Disgusted
580,Left,Neutral
4737,Straight,Happy
4716,Half Right,Surprised
1171,Right,Sad
762,Half Left,Sad
1948,Half Right,Disgusted
633,Half Left,Disgusted
2798,Half Right,Surprised
2065,Half Left,Sad
3756,Left,Neutral
1135,Left,Happy
3732,Left,Surprised
3206,Right,Sad
33,Straight,Disgusted
4154,Half Left,Afraid
2021,Right,Neutral
397,Half Left,Happy
2637,Straight,Angry
440,Left,Neutral
2493,Left,Afraid
3394,Straight,Afraid
434,Straight,Happy
1300,Right,Afraid
2102,Right,Surprised
3352,Half Left,Surprised
1866,Half Left,Surprised
1177,Half Left,Surprised
4793,Right,Afraid
3917,Right,Angry
3767,Right,Surprised
1784,Half Right,Happy
4766,Straight,Disgusted
4313,Left,Angry
1969,Straight,Surprised
681,Right,Disgusted
2970,Half Left,Surprised
3186,Right,Angry
3085,Left,Afraid
111,Half Left,Angry
2429,Right,Disgusted
1586,Half Right,Sad
747,Half Left,Neutral
1946,Right,Disgusted
8,Half Right,Angry
4808,Right,Angry
2686,Straight,Neutral
4316,Half Right,Angry
1997,Half Left,Sad
322,Right,Disgusted
3038,Half Left,Surprised
2526,Half Right,Sad
1517,Straight,Neutral
4731,Half Right,Disgusted
4183,Right,Sad
4046,Left,Surprised
1181,Right,Sad
4746,Straight,Sad
3139,Straight,Sad
3092,Half Left,Happy
3037,Right,Neutral
1931,Right,Surprised
1623,Half Left,Sad
2071,Half Right,Surprised
914,Straight,Disgusted
3958,Half Left,Disgusted
4565,Left,Neutral
2669,Right,Afraid
3421,Right,Surprised
185,Right,Disgusted
3178,Half Right,Surprised
4452,Left,Disgusted
3347,Half Left,Sad
4778,Right,Afraid
4010,Straight,Sad
1565,Half Left,Afraid
2114,Half Right,Angry
3805,Straight,Surprised
545,Left,Sad
690,Left,Afraid
740,Left,Happy
4661,Half Right,Disgusted
1130,Left,Neutral
1601,Half Right,Disgusted
2347,Half Right,Surprised
2882,Straight,Disgusted
557,Half Left,Afraid
4611,Half Left,Afraid
3584,Straight,Happy
4211,Left,Afraid
3953,Half Left,Angry
2395,Half Left,Angry
275,Half Right,Afraid
3328,Half Right,Angry
4090,Straight,Afraid
3508,Half Right,Disgusted
786,Right,Sad
583,Half Right,Sad
2926,Half Right,Neutral
1086,Right,Happy
2653,Left,Neutral
1465,Half Left,Happy
701,Right,Disgusted
3223,Half Right,Angry
146,Half Left,Angry
4763,Right,Disgusted
1863,Straight,Sad
206,Half Left,Surprised
947,Half Left,Disgusted
1500,Half Left,Angry
3752,Right,Sad
1149,Straight,Sad
2670,Half Left,Sad
1754,Right,Surprised
2931,Half Right,Sad
1841,Right,Angry
1183,Half Right,Afraid
2954,Right,Surprised
1549,Right,Neutral
1539,Right,Disgusted
3828,Half Left,Neutral
2305,Right,Sad
3573,Right,Angry
2001,Right,Surprised
4152,Left,Afraid
1786,Left,Neutral
4780,Half Right,Sad
1322,Straight,Afraid
596,Half Left,Angry
1740,Half Left,Angry
4294,Half Right,Happy
1167,Right,Sad
1412,Straight,Neutral
3427,Half Left,Angry
4298,Half Left,Neutral
2067,Straight,Sad
298,Right,Neutral
1499,Right,Angry
1388,Left,Afraid
1258,Half Right,Angry
1466,Half Right,Angry
455,Left,Angry
67,Half Right,Surprised
4235,Straight,Disgusted
2058,Left,Neutral
2391,Half Right,Angry
2660,Half Left,Surprised
909,Straight,Angry
1471,Half Right,Disgusted
4248,Half Right,Afraid
704,Straight,Disgusted
819,Straight,Neutral
4311,Half Right,Afraid
3568,Half Right,Surprised
2866,Half Right,Surprised
2658,Left,Surprised
2723,Half Left,Sad
3167,Half Left,Neutral
1165,Left,Neutral
945,Left,Disgusted
4464,Half Left,Sad
4341,Straight,Surprised
697,Half Left,Angry
861,Right,Surprised
713,Half Right,Neutral
1397,Straight,Angry
617,Left,Angry
4602,Half Left,Neutral
3409,Straight,Happy
2452,Straight,Surprised
536,Right,Happy
4643,Left,Afraid
1798,Half Left,Surprised
2587,Straight,Angry
2186,Right,Disgusted
1717,Straight,Happy
4570,Left,Happy
996,Right,Surprised
1799,Half Right,Surprised
759,Straight,Surprised
3885,Straight,Angry
2883,Left,Angry
1675,Left,Disgusted
1252,Half Left,Afraid
3017,Straight,Angry
80,Right,Disgusted
77,Half Right,Angry
374,Straight,Afraid
1284,Left,Afraid
1352,Straight,Surprised
1101,Right,Angry
2726,Left,Neutral
3737,Left,Afraid
2466,Half Right,Disgusted
3858,Half Left,Happy
207,Half Right,Surprised
3333,Half Right,Disgusted
1093,Half Right,Happy
1090,Left,Happy
346,Left,Afraid
271,Half Right,Sad
498,Half Right,Disgusted
3509,Straight,Disgusted
935,Left,Afraid
3530,Left,Afraid
1199,Straight,Happy
303,Right,Disgusted
3825,Straight,Happy
2103,Half Left,Surprised
4646,Half Right,Afraid
3088,Half Right,Disgusted
3291,Right,Angry
2535,Half Left,Disgusted
342,Right,Happy
1333,Left,Happy
2461,Half Right,Sad
432,Half Left,Happy
883,Half Right,Happy
4156,Straight,Afraid
3146,Right,Afraid
2509,Right,Neutral
4030,Straight,Disgusted
148,Straight,Angry
848,Half Right,Happy
1666,Right,Sad
1621,Left,Sad
1437,Straight,Disgusted
2256,Half Left,Disgusted
897,Half Left,Afraid
1265,Left,Happy
2586,Half Right,Sad
2949,Right,Disgusted
3256,Right,Angry
436,Right,Angry
4779,Half Left,Sad
1184,Straight,Afraid
3419,Straight,Surprised
1881,Half Right,Disgusted
3746,Left,Disgusted
1134,Straight,Surprised
1107,Half Left,Surprised
1523,Left,Surprised
4561,Right,Happy
2150,Straight,Angry
4322,Left,Happy
3066,Right,Sad
3468,Half Right,Angry
2707,Right,Disgusted
1827,Half Left,Sad
1122,Half Left,Happy
88,Straight,Happy
3129,Straight,Happy
4004,Half Right,Neutral
1098,Half Right,Neutral
4673,Left,Neutral
2184,Straight,Angry
1315,Half Left,Surprised
1515,Half Left,Neutral
3851,Left,Disgusted
2889,Right,Neutral
2469,Right,Happy
3214,Straight,Surprised
3013,Left,Angry
4526,Left,Happy
3369,Straight,Disgusted
1509,Right,Happy
1564,Right,Afraid
4667,Straight,Happy
4357,Half Left,Happy
3436,Right,Disgusted
1091,Right,Happy
1047,Half Left,Angry
3430,Left,Angry
4432,Left,Sad
707,Half Left,Happy
2091,Left,Neutral
2177,Half Left,Afraid
1744,Right,Disgusted
1373,Left,Neutral
2421,Half Right,Afraid
3795,Straight,Neutral
915,Left,Happy
219,Left,Sad
1661,Right,Surprised
1929,Straight,Sad
1029,Straight,Neutral
2298,Straight,Happy
4022,Right,Angry
1065,Left,Sad
3755,Straight,Happy
4026,Left,Disgusted
82,Half Right,Afraid
3727,Left,Sad
524,Straight,Afraid
4177,Left,Angry
558,Half Right,Afraid
4599,Straight,Happy
169,Left,Afraid
181,Half Left,Sad
4727,Straight,Angry
1688,Half Right,Neutral
765,Left,Angry
1835,Left,Afraid
2991,Half Right,Happy
2504,Right,Afraid
782,Half Left,Neutral
253,Straight,Angry
4686,Half Right,Afraid
358,Half Left,Disgusted
144,Left,Angry
3389,Straight,Surprised
1100,Left,Afraid
4361,Right,Afraid
1526,Half Right,Surprised
4604,Left,Sad
2146,Left,Angry
683,Half Right,Sad
3614,Straight,Disgusted
3579,Straight,Disgusted
611,Half Right,Neutral
1395,Half Left,Angry
230,Right,Neutral
35,Right,Afraid
3686,Straight,Happy
1116,Right,Disgusted
3590,Left,Sad
2503,Left,Angry
2847,Half Right,Disgusted
2495,Half Left,Sad
3274,Straight,Neutral
1712,Straight,Disgusted
4601,Right,Neutral
4797,Left,Disgusted
526,Right,Angry
254,Left,Disgusted
4594,Straight,Disgusted
3802,Right,Surprised
3298,Half Right,Disgusted
1773,Right,Angry
3122,Half Left,Disgusted
1638,Half Right,Angry
4065,Straight,Disgusted
476,Right,Sad
2072,Straight,Surprised
2319,Left,Angry
4391,Half Left,Happy
2568,Left,Disgusted
2440,Half Left,Neutral
3897,Right,Neutral
2690,Half Right,Angry
3294,Straight,Angry
4807,Left,Neutral
974,Straight,Surprised
1309,Left,Disgusted
1847,Half Left,Disgusted
1113,Half Right,Afraid
366,Left,Neutral
4034,Half Right,Happy
2396,Half Right,Afraid
2539,Right,Happy
4057,Right,Angry
384,Straight,Angry
4405,Right,Afraid
2408,Left,Sad
2249,Left,Angry
344,Half Right,Surprised
3654,Right,Neutral
1220,Left,Angry
2437,Straight,Neutral
233,Straight,Neutral
893,Half Right,Sad
413,Half Right,Surprised
1344,Right,Sad
4597,Half Left,Happy
3844,Half Right,Afraid
3758,Half Left,Neutral
4309,Right,Afraid
3300,Left,Happy
2969,Right,Happy
752,Half Left,Sad
2030,Right,Sad
3007,Straight,Surprised
2456,Half Right,Afraid
1789,Half Right,Neutral
615,Half Left,Afraid
1170,Left,Sad
3391,Right,Sad
2383,Left,Afraid
1699,Straight,Surprised
1332,Straight,Disgusted
3462,Half Left,Afraid
3273,Half Right,Neutral
3963,Half Left,Happy
3312,Half Left,Sad
1254,Straight,Afraid
4302,Half Right,Angry
1584,Right,Afraid
2160,Left,Neutral
1745,Half Left,Disgusted
1153,Half Right,Angry
3440,Left,Disgusted
1809,Straight,Angry
3422,Half Left,Afraid
1366,Half Right,Disgusted
232,Half Right,Neutral
284,Half Left,Angry
18,Half Right,Happy
3311,Right,Sad
2966,Half Right,Sad
842,Half Left,Disgusted
1537,Straight,Angry
3859,Half Right,Happy
1304,Left,Happy
3912,Right,Afraid
2793,Half Left,Disgusted
1459,Right,Afraid
2339,Left,Disgusted
1321,Half Right,Afraid
4185,Half Right,Surprised
2251,Half Left,Angry
745,Left,Neutral
688,Half Right,Surprised
27,Half Left,Sad
2257,Half Right,Disgusted
3020,Half Left,Happy
2739,Half Right,Angry
4159,Half Left,Afraid
1264,Straight,Disgusted
4201,Straight,Disgusted
2148,Half Left,Angry
4618,Left,Angry
1682,Half Left,Happy
2358,Straight,Angry
4806,Straight,Happy
1878,Left,Afraid
3855,Straight,Disgusted
4640,Half Left,Sad
4518,Half Left,Angry
302,Left,Happy
1048,Half Right,Angry
1071,Right,Surprised
382,Half Left,Afraid
1361,Half Right,Angry
3378,Half Right,Neutral
1195,Left,Disgusted
3781,Left,Disgusted
1897,Half Left,Afraid
2582,Straight,Neutral
3603,Half Right,Afraid
957,Half Left,Neutral
2837,Half Right,Afraid
3913,Half Left,Afraid
